id, value
clpackage,
clpackage.stsdas,
clpackage.stsdas.analysis,
clpackage.stsdas.analysis.dither,
clpackage.stsdas.analysis.dither.avshift,
clpackage.stsdas.analysis.dither.blot,
clpackage.stsdas.analysis.dither.blot_mask,
clpackage.stsdas.analysis.dither.cdriz,
clpackage.stsdas.analysis.dither.cor_shft,
clpackage.stsdas.analysis.dither.crossdriz,
clpackage.stsdas.analysis.dither.deriv,
clpackage.stsdas.analysis.dither.dq,
clpackage.stsdas.analysis.dither.dr2gpar,
clpackage.stsdas.analysis.dither.driz_cr,
clpackage.stsdas.analysis.dither.drizzle,
clpackage.stsdas.analysis.dither.dunlearn,
clpackage.stsdas.analysis.dither.filename,
clpackage.stsdas.analysis.dither.fileroot,
clpackage.stsdas.analysis.dither.gprep,
clpackage.stsdas.analysis.dither.imextreme,
clpackage.stsdas.analysis.dither.loop_blot,
clpackage.stsdas.analysis.dither.loop_driz,
clpackage.stsdas.analysis.dither.mask_head,
clpackage.stsdas.analysis.dither.minv,
clpackage.stsdas.analysis.dither.offsets,
clpackage.stsdas.analysis.dither.ogsky,
clpackage.stsdas.analysis.dither.precor,
clpackage.stsdas.analysis.dither.qzap,
clpackage.stsdas.analysis.dither.rotfind,
clpackage.stsdas.analysis.dither.shiftfind,
clpackage.stsdas.analysis.dither.sky,
clpackage.stsdas.analysis.dither.tranback,
clpackage.stsdas.analysis.dither.traxy,
clpackage.stsdas.analysis.dither.wblot,
clpackage.stsdas.analysis.dither.wcs2dr,
clpackage.stsdas.analysis.dither.wdrizzle,
clpackage.stsdas.analysis.dither.wfpc2_chips,
clpackage.stsdas.analysis.dither.wtranback,
clpackage.stsdas.analysis.dither.wtraxy,
clpackage.stsdas.analysis.fitting,
clpackage.stsdas.analysis.fitting.bbodypars,
clpackage.stsdas.analysis.fitting.cgausspars,
clpackage.stsdas.analysis.fitting.comppars,
clpackage.stsdas.analysis.fitting.controlpars,
clpackage.stsdas.analysis.fitting.errorpars,
clpackage.stsdas.analysis.fitting.function,
clpackage.stsdas.analysis.fitting.galprofpars,
clpackage.stsdas.analysis.fitting.gausspars,
clpackage.stsdas.analysis.fitting.gfit1d,
clpackage.stsdas.analysis.fitting.i2gaussfit,
clpackage.stsdas.analysis.fitting.n2gaussfit,
clpackage.stsdas.analysis.fitting.nfit1d,
clpackage.stsdas.analysis.fitting.ngaussfit,
clpackage.stsdas.analysis.fitting.powerpars,
clpackage.stsdas.analysis.fitting.prfit,
clpackage.stsdas.analysis.fitting.samplepars,
clpackage.stsdas.analysis.fitting.tgausspars,
clpackage.stsdas.analysis.fitting.twobbpars,
clpackage.stsdas.analysis.fitting.userpars,
clpackage.stsdas.analysis.fourier,
clpackage.stsdas.analysis.fourier.autocorr,
clpackage.stsdas.analysis.fourier.carith,
clpackage.stsdas.analysis.fourier.crosscor,
clpackage.stsdas.analysis.fourier.factor,
clpackage.stsdas.analysis.fourier.fconvolve,
clpackage.stsdas.analysis.fourier.forward,
clpackage.stsdas.analysis.fourier.frompolar,
clpackage.stsdas.analysis.fourier.inverse,
clpackage.stsdas.analysis.fourier.listprimes,
clpackage.stsdas.analysis.fourier.powerspec,
clpackage.stsdas.analysis.fourier.shift,
clpackage.stsdas.analysis.fourier.taperedge,
clpackage.stsdas.analysis.fourier.topolar,
clpackage.stsdas.analysis.gasp,
clpackage.stsdas.analysis.gasp.copyftt,
clpackage.stsdas.analysis.gasp.eqxy,
clpackage.stsdas.analysis.gasp.extgst,
clpackage.stsdas.analysis.gasp.getimage,
clpackage.stsdas.analysis.gasp.intrep,
clpackage.stsdas.analysis.gasp.makewcs,
clpackage.stsdas.analysis.gasp.pltsol,
clpackage.stsdas.analysis.gasp.pxcoord,
clpackage.stsdas.analysis.gasp.regions,
clpackage.stsdas.analysis.gasp.sgscind,
clpackage.stsdas.analysis.gasp.stgindx,
clpackage.stsdas.analysis.gasp.targets,
clpackage.stsdas.analysis.gasp.xgtimage,
clpackage.stsdas.analysis.gasp.xyeq,
clpackage.stsdas.analysis.isophote,
clpackage.stsdas.analysis.isophote.bmodel,
clpackage.stsdas.analysis.isophote.controlpar,
clpackage.stsdas.analysis.isophote.ellipse,
clpackage.stsdas.analysis.isophote.geompar,
clpackage.stsdas.analysis.isophote.isoexam,
clpackage.stsdas.analysis.isophote.isoimap,
clpackage.stsdas.analysis.isophote.isomap,
clpackage.stsdas.analysis.isophote.isopall,
clpackage.stsdas.analysis.isophote.isoplot,
clpackage.stsdas.analysis.isophote.magpar,
clpackage.stsdas.analysis.isophote.map,
clpackage.stsdas.analysis.isophote.model,
clpackage.stsdas.analysis.isophote.samplepar,
clpackage.stsdas.analysis.nebular,
clpackage.stsdas.analysis.nebular.abund,
clpackage.stsdas.analysis.nebular.at_data,
clpackage.stsdas.analysis.nebular.diagcols,
clpackage.stsdas.analysis.nebular.faluminum,
clpackage.stsdas.analysis.nebular.fargon,
clpackage.stsdas.analysis.nebular.fcalcium,
clpackage.stsdas.analysis.nebular.fcarbon,
clpackage.stsdas.analysis.nebular.fchlorine,
clpackage.stsdas.analysis.nebular.fluxcols,
clpackage.stsdas.analysis.nebular.fmagnesium,
clpackage.stsdas.analysis.nebular.fneon,
clpackage.stsdas.analysis.nebular.fnitrogen,
clpackage.stsdas.analysis.nebular.foxygen,
clpackage.stsdas.analysis.nebular.fpotassium,
clpackage.stsdas.analysis.nebular.fsilicon,
clpackage.stsdas.analysis.nebular.fsodium,
clpackage.stsdas.analysis.nebular.fsulfur,
clpackage.stsdas.analysis.nebular.ionic,
clpackage.stsdas.analysis.nebular.nlevel,
clpackage.stsdas.analysis.nebular.ntcontour,
clpackage.stsdas.analysis.nebular.ntplot,
clpackage.stsdas.analysis.nebular.redcorr,
clpackage.stsdas.analysis.nebular.temden,
clpackage.stsdas.analysis.nebular.zones,
clpackage.stsdas.analysis.restore,
clpackage.stsdas.analysis.restore.adaptive,
clpackage.stsdas.analysis.restore.filterpars,
clpackage.stsdas.analysis.restore.hfilter,
clpackage.stsdas.analysis.restore.jansson,
clpackage.stsdas.analysis.restore.lowpars,
clpackage.stsdas.analysis.restore.lucy,
clpackage.stsdas.analysis.restore.mem,
clpackage.stsdas.analysis.restore.modelpars,
clpackage.stsdas.analysis.restore.noisepars,
clpackage.stsdas.analysis.restore.psfpars,
clpackage.stsdas.analysis.restore.sclean,
clpackage.stsdas.analysis.restore.wiener,
clpackage.stsdas.analysis.statistics,
clpackage.stsdas.analysis.statistics.bhkmethod,
clpackage.stsdas.analysis.statistics.buckleyjames,
clpackage.stsdas.analysis.statistics.censor,
clpackage.stsdas.analysis.statistics.coxhazard,
clpackage.stsdas.analysis.statistics.emmethod,
clpackage.stsdas.analysis.statistics.kmestimate,
clpackage.stsdas.analysis.statistics.kolmov,
clpackage.stsdas.analysis.statistics.schmittbin,
clpackage.stsdas.analysis.statistics.spearman,
clpackage.stsdas.analysis.statistics.survival,
clpackage.stsdas.analysis.statistics.twosampt,
clpackage.stsdas.contrib,
clpackage.stsdas.contrib.acoadd,
clpackage.stsdas.contrib.plucy,
clpackage.stsdas.contrib.redshift,
clpackage.stsdas.contrib.redshift.fquot,
clpackage.stsdas.contrib.redshift.xcor,
clpackage.stsdas.contrib.slitless,
clpackage.stsdas.contrib.spfitpkg,
clpackage.stsdas.contrib.spfitpkg.dbcheck,
clpackage.stsdas.contrib.spfitpkg.dbcreate,
clpackage.stsdas.contrib.spfitpkg.specfit,
clpackage.stsdas.contrib.vla,
clpackage.stsdas.contrib.vla.intensity,
clpackage.stsdas.contrib.vla.smooth,
clpackage.stsdas.contrib.vla.velocity,
clpackage.stsdas.describe,
clpackage.stsdas.examples,
clpackage.stsdas.graphics,
clpackage.stsdas.graphics.sdisplay,
clpackage.stsdas.graphics.sdisplay.compass,
clpackage.stsdas.graphics.sdisplay.disconlab,
clpackage.stsdas.graphics.sdisplay.hltorgb,
clpackage.stsdas.graphics.sdisplay.im2gki,
clpackage.stsdas.graphics.sdisplay.imdisp_pos,
clpackage.stsdas.graphics.sdisplay.mklut,
clpackage.stsdas.graphics.sdisplay.mosaic_display,
clpackage.stsdas.graphics.sdisplay.overlap,
clpackage.stsdas.graphics.sdisplay.pltcmap,
clpackage.stsdas.graphics.stplot,
clpackage.stsdas.graphics.stplot.axispar,
clpackage.stsdas.graphics.stplot.catlim,
clpackage.stsdas.graphics.stplot.colnames,
clpackage.stsdas.graphics.stplot.depind,
clpackage.stsdas.graphics.stplot.dvpar,
clpackage.stsdas.graphics.stplot.fieldplot,
clpackage.stsdas.graphics.stplot.grplot,
clpackage.stsdas.graphics.stplot.gsc,
clpackage.stsdas.graphics.stplot.histogram,
clpackage.stsdas.graphics.stplot.igi,
clpackage.stsdas.graphics.stplot.newcont,
clpackage.stsdas.graphics.stplot.pltpar,
clpackage.stsdas.graphics.stplot.psikern,
clpackage.stsdas.graphics.stplot.rc,
clpackage.stsdas.graphics.stplot.rdsiaf,
clpackage.stsdas.graphics.stplot.sgraph,
clpackage.stsdas.graphics.stplot.siaper,
clpackage.stsdas.graphics.stplot.siaper_defwcs,
clpackage.stsdas.graphics.stplot.skymap,
clpackage.stsdas.graphics.stplot.stfov,
clpackage.stsdas.hst_calib,
clpackage.stsdas.hst_calib.acs,
clpackage.stsdas.hst_calib.ctools,
clpackage.stsdas.hst_calib.ctools.chcalpar,
clpackage.stsdas.hst_calib.ctools.ckwacs1,
clpackage.stsdas.hst_calib.ctools.ckwacs2,
clpackage.stsdas.hst_calib.ctools.ckwfoc,
clpackage.stsdas.hst_calib.ctools.ckwfos,
clpackage.stsdas.hst_calib.ctools.ckwhrs,
clpackage.stsdas.hst_calib.ctools.ckwhsp,
clpackage.stsdas.hst_calib.ctools.ckwnicmos,
clpackage.stsdas.hst_calib.ctools.ckwstis1,
clpackage.stsdas.hst_calib.ctools.ckwstis2,
clpackage.stsdas.hst_calib.ctools.ckwstis3,
clpackage.stsdas.hst_calib.ctools.ckwstis4,
clpackage.stsdas.hst_calib.ctools.ckwwfp2,
clpackage.stsdas.hst_calib.ctools.ckwwfpc,
clpackage.stsdas.hst_calib.ctools.eng2tab,
clpackage.stsdas.hst_calib.ctools.fweight,
clpackage.stsdas.hst_calib.ctools.fwplot,
clpackage.stsdas.hst_calib.ctools.getcal,
clpackage.stsdas.hst_calib.ctools.groupmod,
clpackage.stsdas.hst_calib.ctools.hstephem,
clpackage.stsdas.hst_calib.ctools.keywords,
clpackage.stsdas.hst_calib.ctools.mkmultispec,
clpackage.stsdas.hst_calib.ctools.mkweight,
clpackage.stsdas.hst_calib.ctools.modcal,
clpackage.stsdas.hst_calib.ctools.msstreakflat,
clpackage.stsdas.hst_calib.ctools.nicdqpar,
clpackage.stsdas.hst_calib.ctools.north,
clpackage.stsdas.hst_calib.ctools.nstreakpar,
clpackage.stsdas.hst_calib.ctools.poffsets,
clpackage.stsdas.hst_calib.ctools.pprofile,
clpackage.stsdas.hst_calib.ctools.putcal,
clpackage.stsdas.hst_calib.ctools.pweight,
clpackage.stsdas.hst_calib.ctools.rapidlook,
clpackage.stsdas.hst_calib.ctools.rcombine,
clpackage.stsdas.hst_calib.ctools.rdsaa,
clpackage.stsdas.hst_calib.ctools.resample,
clpackage.stsdas.hst_calib.ctools.sflux,
clpackage.stsdas.hst_calib.ctools.specalign,
clpackage.stsdas.hst_calib.ctools.splice,
clpackage.stsdas.hst_calib.ctools.tomultispec,
clpackage.stsdas.hst_calib.ctools.vac2air,
clpackage.stsdas.hst_calib.ctools.wfdqpar,
clpackage.stsdas.hst_calib.ctools.wstreakpar,
clpackage.stsdas.hst_calib.foc,
clpackage.stsdas.hst_calib.foc.calfoc,
clpackage.stsdas.hst_calib.foc.focprism,
clpackage.stsdas.hst_calib.foc.focprism.dispfiles,
clpackage.stsdas.hst_calib.foc.focprism.objcalib,
clpackage.stsdas.hst_calib.foc.focprism.prismsim,
clpackage.stsdas.hst_calib.foc.focprism.simprism,
clpackage.stsdas.hst_calib.foc.newgeom,
clpackage.stsdas.hst_calib.fos,
clpackage.stsdas.hst_calib.fos.addnewkeys,
clpackage.stsdas.hst_calib.fos.aperlocy,
clpackage.stsdas.hst_calib.fos.apscale,
clpackage.stsdas.hst_calib.fos.bspec,
clpackage.stsdas.hst_calib.fos.calfos,
clpackage.stsdas.hst_calib.fos.countspec,
clpackage.stsdas.hst_calib.fos.deaccum,
clpackage.stsdas.hst_calib.fos.fitoffsety,
clpackage.stsdas.hst_calib.fos.foswcorr,
clpackage.stsdas.hst_calib.fos.gimpcor,
clpackage.stsdas.hst_calib.fos.grlist,
clpackage.stsdas.hst_calib.fos.grspec,
clpackage.stsdas.hst_calib.fos.h13b,
clpackage.stsdas.hst_calib.fos.h16b,
clpackage.stsdas.hst_calib.fos.h16r,
clpackage.stsdas.hst_calib.fos.h19b,
clpackage.stsdas.hst_calib.fos.h19r,
clpackage.stsdas.hst_calib.fos.h27b,
clpackage.stsdas.hst_calib.fos.h27r,
clpackage.stsdas.hst_calib.fos.h40b,
clpackage.stsdas.hst_calib.fos.h40r,
clpackage.stsdas.hst_calib.fos.h57b,
clpackage.stsdas.hst_calib.fos.h57r,
clpackage.stsdas.hst_calib.fos.h65b,
clpackage.stsdas.hst_calib.fos.h65r,
clpackage.stsdas.hst_calib.fos.h78r,
clpackage.stsdas.hst_calib.fos.instpars,
clpackage.stsdas.hst_calib.fos.spec_polar,
clpackage.stsdas.hst_calib.fos.spec_polar.calpolar,
clpackage.stsdas.hst_calib.fos.spec_polar.comparesets,
clpackage.stsdas.hst_calib.fos.spec_polar.pcombine,
clpackage.stsdas.hst_calib.fos.spec_polar.plbias,
clpackage.stsdas.hst_calib.fos.spec_polar.polave,
clpackage.stsdas.hst_calib.fos.spec_polar.polbin,
clpackage.stsdas.hst_calib.fos.spec_polar.polcalc,
clpackage.stsdas.hst_calib.fos.spec_polar.polnorm,
clpackage.stsdas.hst_calib.fos.spec_polar.polplot,
clpackage.stsdas.hst_calib.fos.unwrap,
clpackage.stsdas.hst_calib.fos.waveoffset,
clpackage.stsdas.hst_calib.fos.yd2p,
clpackage.stsdas.hst_calib.fos.yddintplot,
clpackage.stsdas.hst_calib.fos.yfluxcal,
clpackage.stsdas.hst_calib.fos.ymkmu,
clpackage.stsdas.hst_calib.fos.yp2d,
clpackage.stsdas.hst_calib.fos.ypeakup,
clpackage.stsdas.hst_calib.fos.yratio,
clpackage.stsdas.hst_calib.fos.yv2v3_calculate,
clpackage.stsdas.hst_calib.hrs,
clpackage.stsdas.hst_calib.hrs.calhrs,
clpackage.stsdas.hst_calib.hrs.dopoff,
clpackage.stsdas.hst_calib.hrs.findpars,
clpackage.stsdas.hst_calib.hrs.fitpars,
clpackage.stsdas.hst_calib.hrs.linetabpar,
clpackage.stsdas.hst_calib.hrs.obsum,
clpackage.stsdas.hst_calib.hrs.reflux,
clpackage.stsdas.hst_calib.hrs.showspiral,
clpackage.stsdas.hst_calib.hrs.spiralmap,
clpackage.stsdas.hst_calib.hrs.tacount,
clpackage.stsdas.hst_calib.hrs.waveoff,
clpackage.stsdas.hst_calib.hrs.zavgtemp,
clpackage.stsdas.hst_calib.hrs.zwavecal,
clpackage.stsdas.hst_calib.hrs.zwavefit,
clpackage.stsdas.hst_calib.hrs.zwaveid,
clpackage.stsdas.hst_calib.hstcos,
clpackage.stsdas.hst_calib.hstcos.calcos,
clpackage.stsdas.hst_calib.hstcos.splittag,
clpackage.stsdas.hst_calib.hstcos.x1dcorr,
clpackage.stsdas.hst_calib.nicmos,
clpackage.stsdas.hst_calib.nicmos.asnexpand,
clpackage.stsdas.hst_calib.nicmos.biaseq,
clpackage.stsdas.hst_calib.nicmos.calnica,
clpackage.stsdas.hst_calib.nicmos.calnicb,
clpackage.stsdas.hst_calib.nicmos.iterstat,
clpackage.stsdas.hst_calib.nicmos.markdq,
clpackage.stsdas.hst_calib.nicmos.mosdisplay,
clpackage.stsdas.hst_calib.nicmos.ndisplay,
clpackage.stsdas.hst_calib.nicmos.nicpipe,
clpackage.stsdas.hst_calib.nicmos.pedsky,
clpackage.stsdas.hst_calib.nicmos.pedsub,
clpackage.stsdas.hst_calib.nicmos.pstack,
clpackage.stsdas.hst_calib.nicmos.pstats,
clpackage.stsdas.hst_calib.paperprod,
clpackage.stsdas.hst_calib.paperprod.affix_mod,
clpackage.stsdas.hst_calib.paperprod.autopi,
clpackage.stsdas.hst_calib.paperprod.jpp_accum,
clpackage.stsdas.hst_calib.paperprod.jpp_acq,
clpackage.stsdas.hst_calib.paperprod.jpp_calib,
clpackage.stsdas.hst_calib.paperprod.jpp_exp,
clpackage.stsdas.hst_calib.paperprod.jpp_expsum,
clpackage.stsdas.hst_calib.paperprod.jpp_jitter,
clpackage.stsdas.hst_calib.paperprod.jpp_obsum,
clpackage.stsdas.hst_calib.paperprod.jpp_prods,
clpackage.stsdas.hst_calib.paperprod.jpp_targ,
clpackage.stsdas.hst_calib.paperprod.jpp_thumbs,
clpackage.stsdas.hst_calib.paperprod.npp_exp,
clpackage.stsdas.hst_calib.paperprod.opp_1dsp,
clpackage.stsdas.hst_calib.paperprod.opp_2dsp,
clpackage.stsdas.hst_calib.paperprod.opp_accum,
clpackage.stsdas.hst_calib.paperprod.opp_acq,
clpackage.stsdas.hst_calib.paperprod.opp_calib,
clpackage.stsdas.hst_calib.paperprod.opp_exp,
clpackage.stsdas.hst_calib.paperprod.opp_expsum,
clpackage.stsdas.hst_calib.paperprod.opp_hist,
clpackage.stsdas.hst_calib.paperprod.opp_jitter,
clpackage.stsdas.hst_calib.paperprod.opp_obsum,
clpackage.stsdas.hst_calib.paperprod.opp_peakup,
clpackage.stsdas.hst_calib.paperprod.pp_acs,
clpackage.stsdas.hst_calib.paperprod.pp_banner,
clpackage.stsdas.hst_calib.paperprod.pp_dads,
clpackage.stsdas.hst_calib.paperprod.pp_fits,
clpackage.stsdas.hst_calib.paperprod.pp_foc,
clpackage.stsdas.hst_calib.paperprod.pp_fos,
clpackage.stsdas.hst_calib.paperprod.pp_ghrs,
clpackage.stsdas.hst_calib.paperprod.pp_igi,
clpackage.stsdas.hst_calib.paperprod.pp_nicmos,
clpackage.stsdas.hst_calib.paperprod.pp_pdfbook,
clpackage.stsdas.hst_calib.paperprod.pp_pdfsection,
clpackage.stsdas.hst_calib.paperprod.pp_roots,
clpackage.stsdas.hst_calib.paperprod.pp_stis,
clpackage.stsdas.hst_calib.paperprod.pp_wfpc2,
clpackage.stsdas.hst_calib.paperprod.ppcover,
clpackage.stsdas.hst_calib.paperprod.ppdirbox,
clpackage.stsdas.hst_calib.paperprod.ppend,
clpackage.stsdas.hst_calib.paperprod.pplist,
clpackage.stsdas.hst_calib.paperprod.pr_parts,
clpackage.stsdas.hst_calib.paperprod.t_cdcompass,
clpackage.stsdas.hst_calib.paperprod.t_compass,
clpackage.stsdas.hst_calib.paperprod.t_dithchop,
clpackage.stsdas.hst_calib.paperprod.t_gethist,
clpackage.stsdas.hst_calib.paperprod.t_gsbar,
clpackage.stsdas.hst_calib.paperprod.t_o1drange,
clpackage.stsdas.hst_calib.paperprod.t_oms,
clpackage.stsdas.hst_calib.paperprod.t_opeakup,
clpackage.stsdas.hst_calib.paperprod.upp_image,
clpackage.stsdas.hst_calib.paperprod.upp_obsum,
clpackage.stsdas.hst_calib.paperprod.xpp_image,
clpackage.stsdas.hst_calib.paperprod.xpp_obsum,
clpackage.stsdas.hst_calib.paperprod.ypaccrapid,
clpackage.stsdas.hst_calib.paperprod.ypacqbin,
clpackage.stsdas.hst_calib.paperprod.ypacqpeak,
clpackage.stsdas.hst_calib.paperprod.ypbanner,
clpackage.stsdas.hst_calib.paperprod.ypp_calib,
clpackage.stsdas.hst_calib.paperprod.ypp_image,
clpackage.stsdas.hst_calib.paperprod.ypp_imdsp,
clpackage.stsdas.hst_calib.paperprod.ypp_obsum,
clpackage.stsdas.hst_calib.paperprod.yppeak,
clpackage.stsdas.hst_calib.paperprod.yppolar,
clpackage.stsdas.hst_calib.paperprod.zpp,
clpackage.stsdas.hst_calib.stis,
clpackage.stsdas.hst_calib.stis._cs11,
clpackage.stsdas.hst_calib.stis._cs12,
clpackage.stsdas.hst_calib.stis._cs4,
clpackage.stsdas.hst_calib.stis.basic2d,
clpackage.stsdas.hst_calib.stis.calstis,
clpackage.stsdas.hst_calib.stis.ctestis,
clpackage.stsdas.hst_calib.stis.daydark,
clpackage.stsdas.hst_calib.stis.defringe,
clpackage.stsdas.hst_calib.stis.doppinfo,
clpackage.stsdas.hst_calib.stis.echplot,
clpackage.stsdas.hst_calib.stis.echscript,
clpackage.stsdas.hst_calib.stis.infostis,
clpackage.stsdas.hst_calib.stis.inttag,
clpackage.stsdas.hst_calib.stis.mkfringeflat,
clpackage.stsdas.hst_calib.stis.mktrace,
clpackage.stsdas.hst_calib.stis.normspflat,
clpackage.stsdas.hst_calib.stis.ocrreject,
clpackage.stsdas.hst_calib.stis.odelaytime,
clpackage.stsdas.hst_calib.stis.ovac2air,
clpackage.stsdas.hst_calib.stis.prepspec,
clpackage.stsdas.hst_calib.stis.sdqflags,
clpackage.stsdas.hst_calib.stis.sshift,
clpackage.stsdas.hst_calib.stis.stisnoise,
clpackage.stsdas.hst_calib.stis.tastis,
clpackage.stsdas.hst_calib.stis.treqxy,
clpackage.stsdas.hst_calib.stis.trxyeq,
clpackage.stsdas.hst_calib.stis.ucrpix,
clpackage.stsdas.hst_calib.stis.wavecal,
clpackage.stsdas.hst_calib.stis.wx2d,
clpackage.stsdas.hst_calib.stis.x1d,
clpackage.stsdas.hst_calib.stis.x2d,
clpackage.stsdas.hst_calib.synphot,
clpackage.stsdas.hst_calib.synphot.bandpar,
clpackage.stsdas.hst_calib.synphot.calcband,
clpackage.stsdas.hst_calib.synphot.calcphot,
clpackage.stsdas.hst_calib.synphot.calcspec,
clpackage.stsdas.hst_calib.synphot.countrate,
clpackage.stsdas.hst_calib.synphot.fitband,
clpackage.stsdas.hst_calib.synphot.fitgrid,
clpackage.stsdas.hst_calib.synphot.fitspec,
clpackage.stsdas.hst_calib.synphot.genwave,
clpackage.stsdas.hst_calib.synphot.grafcheck,
clpackage.stsdas.hst_calib.synphot.graflist,
clpackage.stsdas.hst_calib.synphot.grafpath,
clpackage.stsdas.hst_calib.synphot.imspec,
clpackage.stsdas.hst_calib.synphot.mkthru,
clpackage.stsdas.hst_calib.synphot.obsmode,
clpackage.stsdas.hst_calib.synphot.plband,
clpackage.stsdas.hst_calib.synphot.plratio,
clpackage.stsdas.hst_calib.synphot.plspec,
clpackage.stsdas.hst_calib.synphot.pltrans,
clpackage.stsdas.hst_calib.synphot.showfiles,
clpackage.stsdas.hst_calib.synphot.simulators,
clpackage.stsdas.hst_calib.synphot.simulators.refdata,
clpackage.stsdas.hst_calib.synphot.simulators.simbackgd,
clpackage.stsdas.hst_calib.synphot.simulators.simbackp,
clpackage.stsdas.hst_calib.synphot.simulators.simcatp,
clpackage.stsdas.hst_calib.synphot.simulators.simimg,
clpackage.stsdas.hst_calib.synphot.simulators.simmodp,
clpackage.stsdas.hst_calib.synphot.simulators.simnoise,
clpackage.stsdas.hst_calib.synphot.simulators.simspec,
clpackage.stsdas.hst_calib.synphot.thermback,
clpackage.stsdas.hst_calib.wfc3,
clpackage.stsdas.hst_calib.wfpc,
clpackage.stsdas.hst_calib.wfpc.bjdetect,
clpackage.stsdas.hst_calib.wfpc.calwfp,
clpackage.stsdas.hst_calib.wfpc.calwp2,
clpackage.stsdas.hst_calib.wfpc.checkwfpc,
clpackage.stsdas.hst_calib.wfpc.combine,
clpackage.stsdas.hst_calib.wfpc.crrej,
clpackage.stsdas.hst_calib.wfpc.engextr,
clpackage.stsdas.hst_calib.wfpc.invmetric,
clpackage.stsdas.hst_calib.wfpc.metric,
clpackage.stsdas.hst_calib.wfpc.mkdark,
clpackage.stsdas.hst_calib.wfpc.noisemodel,
clpackage.stsdas.hst_calib.wfpc.pixcoord,
clpackage.stsdas.hst_calib.wfpc.qmosaic,
clpackage.stsdas.hst_calib.wfpc.seam,
clpackage.stsdas.hst_calib.wfpc.t_metric,
clpackage.stsdas.hst_calib.wfpc.t_warmpix,
clpackage.stsdas.hst_calib.wfpc.uchcoord,
clpackage.stsdas.hst_calib.wfpc.uchscale,
clpackage.stsdas.hst_calib.wfpc.w_calib,
clpackage.stsdas.hst_calib.wfpc.w_calib.flagflat,
clpackage.stsdas.hst_calib.wfpc.w_calib.mka2d,
clpackage.stsdas.hst_calib.wfpc.w_calib.mkphottb,
clpackage.stsdas.hst_calib.wfpc.w_calib.normclip,
clpackage.stsdas.hst_calib.wfpc.w_calib.psfextr,
clpackage.stsdas.hst_calib.wfpc.w_calib.sharp,
clpackage.stsdas.hst_calib.wfpc.w_calib.streakflat,
clpackage.stsdas.hst_calib.wfpc.warmpix,
clpackage.stsdas.hst_calib.wfpc.wfixup,
clpackage.stsdas.hst_calib.wfpc.wmosaic,
clpackage.stsdas.hst_calib.wfpc.wstatistics,
clpackage.stsdas.nopyraf,
clpackage.stsdas.playpen,
clpackage.stsdas.playpen.bwfilter,
clpackage.stsdas.playpen.edge,
clpackage.stsdas.playpen.fill,
clpackage.stsdas.playpen.geo2mag,
clpackage.stsdas.playpen.hstpos,
clpackage.stsdas.playpen.hsubtract,
clpackage.stsdas.playpen.ils,
clpackage.stsdas.playpen.ilspars,
clpackage.stsdas.playpen.immean,
clpackage.stsdas.playpen.jimage,
clpackage.stsdas.playpen.lgrlist,
clpackage.stsdas.playpen.saolpr,
clpackage.stsdas.problems,
clpackage.stsdas.sobsolete,
clpackage.stsdas.toolbox,
clpackage.stsdas.toolbox.convfile,
clpackage.stsdas.toolbox.convfile.sun2vax,
clpackage.stsdas.toolbox.convfile.tconvert,
clpackage.stsdas.toolbox.convfile.vax2sun,
clpackage.stsdas.toolbox.headers,
clpackage.stsdas.toolbox.headers.eheader,
clpackage.stsdas.toolbox.headers.hcheck,
clpackage.stsdas.toolbox.headers.hdiff,
clpackage.stsdas.toolbox.headers.iminfo,
clpackage.stsdas.toolbox.headers.stfhistory,
clpackage.stsdas.toolbox.headers.upreffile,
clpackage.stsdas.toolbox.imgtools,
clpackage.stsdas.toolbox.imgtools.addmasks,
clpackage.stsdas.toolbox.imgtools.boxinterp,
clpackage.stsdas.toolbox.imgtools.countfiles,
clpackage.stsdas.toolbox.imgtools.gcombine,
clpackage.stsdas.toolbox.imgtools.gcopy,
clpackage.stsdas.toolbox.imgtools.gstatistics,
clpackage.stsdas.toolbox.imgtools.gstpar,
clpackage.stsdas.toolbox.imgtools.imfill,
clpackage.stsdas.toolbox.imgtools.iminsert,
clpackage.stsdas.toolbox.imgtools.improject,
clpackage.stsdas.toolbox.imgtools.listarea,
clpackage.stsdas.toolbox.imgtools.mkgauss,
clpackage.stsdas.toolbox.imgtools.moveheader,
clpackage.stsdas.toolbox.imgtools.mstools,
clpackage.stsdas.toolbox.imgtools.mstools.acsdqpar,
clpackage.stsdas.toolbox.imgtools.mstools.bloathdu,
clpackage.stsdas.toolbox.imgtools.mstools.cosdqpar,
clpackage.stsdas.toolbox.imgtools.mstools.dqbits,
clpackage.stsdas.toolbox.imgtools.mstools.ecdel,
clpackage.stsdas.toolbox.imgtools.mstools.ecextract,
clpackage.stsdas.toolbox.imgtools.mstools.egstp,
clpackage.stsdas.toolbox.imgtools.mstools.extdel,
clpackage.stsdas.toolbox.imgtools.mstools.msarith,
clpackage.stsdas.toolbox.imgtools.mstools.mscombine,
clpackage.stsdas.toolbox.imgtools.mstools.mscopy,
clpackage.stsdas.toolbox.imgtools.mstools.msdel,
clpackage.stsdas.toolbox.imgtools.mstools.msjoin,
clpackage.stsdas.toolbox.imgtools.mstools.mssort,
clpackage.stsdas.toolbox.imgtools.mstools.mssplit,
clpackage.stsdas.toolbox.imgtools.mstools.msstatistics,
clpackage.stsdas.toolbox.imgtools.mstools.nsstatpar,
clpackage.stsdas.toolbox.imgtools.mstools.stisdqpar,
clpackage.stsdas.toolbox.imgtools.mstools.wfc3dqpar,
clpackage.stsdas.toolbox.imgtools.pickfile,
clpackage.stsdas.toolbox.imgtools.pixedit,
clpackage.stsdas.toolbox.imgtools.pixlocate,
clpackage.stsdas.toolbox.imgtools.rbinary,
clpackage.stsdas.toolbox.imgtools.rd2xy,
clpackage.stsdas.toolbox.imgtools.stack,
clpackage.stsdas.toolbox.imgtools.xy2rd,
clpackage.stsdas.toolbox.imgtools.xyztable,
clpackage.stsdas.toolbox.imgtools.xyztoim,
clpackage.stsdas.toolbox.tools,
clpackage.stsdas.toolbox.tools.base2dec,
clpackage.stsdas.toolbox.tools.ddiff,
clpackage.stsdas.toolbox.tools.dec2base,
clpackage.stsdas.toolbox.tools.epoch,
clpackage.stsdas.toolbox.tools.fparse,
clpackage.stsdas.toolbox.tools.mkapropos,
clpackage.stsdas.toolbox.tools.newredshift,
clpackage.stsdas.toolbox.tools.tepoch,
clpackage.stsdas.toolbox.tools.tprecess,
clpackage.stsdas.toolbox.tools.uniqfile,
clpackage.stsdas.toolbox.tools.uniqid,
clpackage.stsdas.toolbox.tools.uniqname,
clpackage.stsdas.toolbox.tools.uniqtab,
clpackage.tables,
clpackage.tables.fitsio,
clpackage.tables.fitsio.catfits,
clpackage.tables.fitsio.fits_exampl,
clpackage.tables.fitsio.fitscopy,
clpackage.tables.fitsio.geis,
clpackage.tables.fitsio.gftoxdim,
clpackage.tables.fitsio.strfits,
clpackage.tables.fitsio.stwfits,
clpackage.tables.fitsio.xdimtogf,
clpackage.tables.tbplot,
clpackage.tables.tobsolete,
clpackage.tables.tobsolete.trename,
clpackage.tables.ttools,
clpackage.tables.ttools.gtedit,
clpackage.tables.ttools.gtpar,
clpackage.tables.ttools.imtab,
clpackage.tables.ttools.keypar,
clpackage.tables.ttools.keyselect,
clpackage.tables.ttools.keytab,
clpackage.tables.ttools.parkey,
clpackage.tables.ttools.partab,
clpackage.tables.ttools.tabim,
clpackage.tables.ttools.tabkey,
clpackage.tables.ttools.tabpar,
clpackage.tables.ttools.taextract,
clpackage.tables.ttools.tainsert,
clpackage.tables.ttools.tcalc,
clpackage.tables.ttools.tchcol,
clpackage.tables.ttools.tcheck,
clpackage.tables.ttools.tchsize,
clpackage.tables.ttools.tcreate,
clpackage.tables.ttools.tdelete,
clpackage.tables.ttools.tdiffer,
clpackage.tables.ttools.tdump,
clpackage.tables.ttools.tedit,
clpackage.tables.ttools.texpand,
clpackage.tables.ttools.thedit,
clpackage.tables.ttools.thistogram,
clpackage.tables.ttools.thselect,
clpackage.tables.ttools.tiimage,
clpackage.tables.ttools.tinfo,
clpackage.tables.ttools.tintegrate,
clpackage.tables.ttools.titable,
clpackage.tables.ttools.tjoin,
clpackage.tables.ttools.tlcol,
clpackage.tables.ttools.tlinear,
clpackage.tables.ttools.tmatch,
clpackage.tables.ttools.tmerge,
clpackage.tables.ttools.tprint,
clpackage.tables.ttools.tproduct,
clpackage.tables.ttools.tproject,
clpackage.tables.ttools.tquery,
clpackage.tables.ttools.tread,
clpackage.tables.ttools.trebin,
clpackage.tables.ttools.tscopy,
clpackage.tables.ttools.tselect,
clpackage.tables.ttools.tsort,
clpackage.tables.ttools.tstat,
clpackage.tables.ttools.ttranspose,
clpackage.tables.ttools.tunits,
clpackage.tables.ttools.tupar,
clpackage.tables.ttools.tximage,
clpackage.tables.ttools.txtable,
clpackage.ucsclris,
clpackage.ucsclris.flex_fit,
clpackage.ucsclris.l2process,
clpackage.ucsclris.l4process,
clpackage.ucsclris.maskalign,
clpackage.ucsclris.mboxfind,
clpackage.ucsclris.mshift,
clpackage.ucsclris.prep,
clpackage.ucsclris.qbox,
clpackage.ucsclris.salign,
clpackage.ucsclris.xbox,
clpackage.upsqiid,
clpackage.upsqiid.chorient,
clpackage.upsqiid.filedir,
clpackage.upsqiid.getmap,
clpackage.upsqiid.getstar,
clpackage.upsqiid.grid,
clpackage.upsqiid.group,
clpackage.upsqiid.hierarch,
clpackage.upsqiid.imlinfit,
clpackage.upsqiid.imlinregress,
clpackage.upsqiid.imparse,
clpackage.upsqiid.imquadfit,
clpackage.upsqiid.imzero,
clpackage.upsqiid.mkframelist,
clpackage.upsqiid.movproc,
clpackage.upsqiid.notchlist,
clpackage.upsqiid.patproc,
clpackage.upsqiid.photproc,
clpackage.upsqiid.pltnaac,
clpackage.upsqiid.pltstat,
clpackage.upsqiid.proctest,
clpackage.upsqiid.rechannel,
clpackage.upsqiid.recombine,
clpackage.upsqiid.sqcorr,
clpackage.upsqiid.sqparse,
clpackage.upsqiid.sqsections,
clpackage.upsqiid.statelist,
clpackage.upsqiid.stdproc,
clpackage.upsqiid.stdreport,
clpackage.upsqiid.temp_plot,
clpackage.upsqiid.tmove,
clpackage.upsqiid.usqcorr,
clpackage.upsqiid.usqdark,
clpackage.upsqiid.usqflat,
clpackage.upsqiid.usqmask,
clpackage.upsqiid.usqmos,
clpackage.upsqiid.usqproc,
clpackage.upsqiid.usqproof,
clpackage.upsqiid.usqremap,
clpackage.upsqiid.usqsky,
clpackage.upsqiid.where,
clpackage.user,
clpackage.utilities,
clpackage.utilities.bases,
clpackage.utilities.curfit,
clpackage.utilities.detab,
clpackage.utilities.entab,
clpackage.utilities.lcase,
clpackage.utilities.nttools,
clpackage.utilities.polyfit,
clpackage.utilities.split,
clpackage.utilities.surfit,
clpackage.utilities.translit,
clpackage.utilities.ucase,
clpackage.utilities.urand,
clpackage.vo,
clpackage.vo.registry,
clpackage.vo.votest,
clpackage.vo.votest.mkcache,
clpackage.vo.votest.mkout,
clpackage.vo.votest.run_test,
clpackage.vo.votest.test,
clpackage.vo.votools,
clpackage.vo.votools.aladin,
clpackage.vo.votools.colbyid,
clpackage.vo.votools.colbyname,
clpackage.vo.votools.colbyucd,
clpackage.vo.votools.dalclient,
clpackage.vo.votools.dispname,
clpackage.vo.votools.dss,
clpackage.vo.votools.getcat,
clpackage.vo.votools.getimg,
clpackage.vo.votools.hub,
clpackage.vo.votools.imgcat,
clpackage.vo.votools.mkregdb,
clpackage.vo.votools.nedoverlay,
clpackage.vo.votools.obslogoverlay,
clpackage.vo.votools.overhandler,
clpackage.vo.votools.prettystr,
clpackage.vo.votools.qstring,
clpackage.vo.votools.radiooverlay,
clpackage.vo.votools.regdb,
clpackage.vo.votools.regmetalist,
clpackage.vo.votools.sbquery,
clpackage.vo.votools.sesame,
clpackage.vo.votools.tabclip,
clpackage.vo.votools.taboverlay,
clpackage.vo.votools.tblhandler,
clpackage.vo.votools.topcat,
clpackage.vo.votools.voclientd,
clpackage.vo.votools.vodata,
clpackage.vo.votools.votcopy,
clpackage.vo.votools.votget,
clpackage.vo.votools.votpos,
clpackage.vo.votools.votsize,
clpackage.vo.votools.wcsinfo,
clpackage.vo.votools.xrayoverlay,
clpackage.xdimsum,
clpackage.xdimsum.addcomment,
clpackage.xdimsum.badpixupdate,
clpackage.xdimsum.makemask,
clpackage.xdimsum.maskdereg,
clpackage.xdimsum.maskfix,
clpackage.xdimsum.maskinterp,
clpackage.xdimsum.maskstat,
clpackage.xdimsum.miterstat,
clpackage.xdimsum.mkmask,
clpackage.xdimsum.orient,
clpackage.xdimsum.sigmanorm,
clpackage.xdimsum.xaddmask,
clpackage.xdimsum.xdshifts,
clpackage.xdimsum.xfirstpass,
clpackage.xdimsum.xfshifts,
clpackage.xdimsum.xlist,
clpackage.xdimsum.xmaskpass,
clpackage.xdimsum.xmosaic,
clpackage.xdimsum.xmshifts,
clpackage.xdimsum.xmskcombine,
clpackage.xdimsum.xnregistar,
clpackage.xdimsum.xnslm,
clpackage.xdimsum.xnzap,
clpackage.xdimsum.xrshifts,
clpackage.xdimsum.xslm,
clpackage.xdimsum.xzap,
clpackage.xray,
clpackage.xray._clobname,
clpackage.xray._fnlname,
clpackage.xray._getdevdim,
clpackage.xray._imgclust,
clpackage.xray._imgimage,
clpackage.xray._keychk,
clpackage.xray._rtname,
clpackage.xray.xapropos,
clpackage.xray.xdataio,
clpackage.xray.xdataio._errmsg,
clpackage.xray.xdataio._errmsg1,
clpackage.xray.xdataio._errmsg2,
clpackage.xray.xdataio._im2bin,
clpackage.xray.xdataio._rarc2pros0,
clpackage.xray.xdataio._rdfarc2pros,
clpackage.xray.xdataio._rdfarc2pros_c,
clpackage.xray.xdataio._rdffits2pros,
clpackage.xray.xdataio._rdfrall,
clpackage.xray.xdataio._rfits2pros0,
clpackage.xray.xdataio._upqp2rdf,
clpackage.xray.xdataio.datarep,
clpackage.xray.xdataio.efits2qp,
clpackage.xray.xdataio.eincdrom,
clpackage.xray.xdataio.eincdrom._cp_wo_attr,
clpackage.xray.xdataio.eincdrom._ein_copy,
clpackage.xray.xdataio.eincdrom._ein_strfits,
clpackage.xray.xdataio.eincdrom._fileinfo,
clpackage.xray.xdataio.eincdrom._fits_find,
clpackage.xray.xdataio.eincdrom._fits_get_obs,
clpackage.xray.xdataio.eincdrom._fitsnm_get,
clpackage.xray.xdataio.eincdrom._get_ein_files,
clpackage.xray.xdataio.eincdrom._qp_get_obs,
clpackage.xray.xdataio.eincdrom._spec2root,
clpackage.xray.xdataio.eincdrom._specinfo,
clpackage.xray.xdataio.eincdrom.ecd2pros,
clpackage.xray.xdataio.eincdrom.ecdinfo,
clpackage.xray.xdataio.eincdrom.eincdpar,
clpackage.xray.xdataio.eincdrom.eindatademo,
clpackage.xray.xdataio.fits2qp,
clpackage.xray.xdataio.hkfilter,
clpackage.xray.xdataio.mkhkscr,
clpackage.xray.xdataio.mperfits,
clpackage.xray.xdataio.qp2fits,
clpackage.xray.xdataio.qpaddaux,
clpackage.xray.xdataio.qpappend,
clpackage.xray.xdataio.qpappend_ftsi,
clpackage.xray.xdataio.qpgapmap,
clpackage.xray.xdataio.rarc2pros,
clpackage.xray.xdataio.rarc2pros_c,
clpackage.xray.xdataio.rfits2pros,
clpackage.xray.xdataio.upimgrdf,
clpackage.xray.xdataio.upqpoerdf,
clpackage.xray.xdataio.xrfits,
clpackage.xray.xdataio.xwfits,
clpackage.xray.xdemo,
clpackage.xray.ximages,
clpackage.xray.ximages._imcompress,
clpackage.xray.ximages._imreplicate,
clpackage.xray.ximages.imcalc,
clpackage.xray.ximages.imcreate,
clpackage.xray.ximages.imnode,
clpackage.xray.ximages.imreplicate,
clpackage.xray.ximages.plcreate,
clpackage.xray.ximages.pllist,
clpackage.xray.ximages.qpcopy,
clpackage.xray.ximages.qphedit,
clpackage.xray.ximages.qplintran,
clpackage.xray.ximages.qplist,
clpackage.xray.ximages.qprotate,
clpackage.xray.ximages.qpshift,
clpackage.xray.ximages.qpsort,
clpackage.xray.ximages.xhadd,
clpackage.xray.ximages.xhdisp,
clpackage.xray.xinstall,
clpackage.xray.xlocal,
clpackage.xray.xobsolete,
clpackage.xray.xplot,
clpackage.xray.xplot._gproj,
clpackage.xray.xplot._saoimage,
clpackage.xray.xplot._saotng,
clpackage.xray.xplot._x,
clpackage.xray.xplot._ximtool,
clpackage.xray.xplot.imcontour,
clpackage.xray.xplot.pspc_hrcolor,
clpackage.xray.xplot.tabplot,
clpackage.xray.xplot.tvimcontour,
clpackage.xray.xplot.tvlabel,
clpackage.xray.xplot.tvproj,
clpackage.xray.xplot.xdisplay,
clpackage.xray.xplot.xexamine,
clpackage.xray.xplot.ximtool,
clpackage.xray.xproto,
clpackage.xray.xproto._evlvg,
clpackage.xray.xproto.evalvg,
clpackage.xray.xproto.imdetect,
clpackage.xray.xproto.marx2qpoe,
clpackage.xray.xproto.qpcalc,
clpackage.xray.xproto.qpcreate,
clpackage.xray.xproto.tabfilter,
clpackage.xray.xproto.wcsqpedit,
clpackage.xray.xproto.xexamine_r,
clpackage.xray.xspatial,
clpackage.xray.xspatial._simevt,
clpackage.xray.xspatial._srcechk,
clpackage.xray.xspatial.detect,
clpackage.xray.xspatial.detect._fixvar,
clpackage.xray.xspatial.detect._ms,
clpackage.xray.xspatial.detect.bepos,
clpackage.xray.xspatial.detect.bkden,
clpackage.xray.xspatial.detect.cellmap,
clpackage.xray.xspatial.detect.detmkreg,
clpackage.xray.xspatial.detect.lbmap,
clpackage.xray.xspatial.detect.ldetect,
clpackage.xray.xspatial.detect.lmatchsrc,
clpackage.xray.xspatial.detect.lpeaks,
clpackage.xray.xspatial.detect.snrmap,
clpackage.xray.xspatial.eintools,
clpackage.xray.xspatial.eintools._band2range,
clpackage.xray.xspatial.eintools.be_ds_rotate,
clpackage.xray.xspatial.eintools.bkfac_make,
clpackage.xray.xspatial.eintools.calc_factors,
clpackage.xray.xspatial.eintools.cat2exp,
clpackage.xray.xspatial.eintools.cat_make,
clpackage.xray.xspatial.eintools.exp_make,
clpackage.xray.xspatial.eintools.rbkmap_make,
clpackage.xray.xspatial.eintools.src_cnts,
clpackage.xray.xspatial.errcreate,
clpackage.xray.xspatial.fixsaoreg,
clpackage.xray.xspatial.imcnts,
clpackage.xray.xspatial.imdisp,
clpackage.xray.xspatial.immodel,
clpackage.xray.xspatial.improj,
clpackage.xray.xspatial.imsmooth,
clpackage.xray.xspatial.isoreg,
clpackage.xray.xspatial.makevig,
clpackage.xray.xspatial.offaxisprf,
clpackage.xray.xspatial.qpsim,
clpackage.xray.xspatial.rosprf,
clpackage.xray.xspatial.skypix,
clpackage.xray.xspatial.srcinten,
clpackage.xray.xspatial.vigdata,
clpackage.xray.xspatial.vigmodel,
clpackage.xray.xspatial.wcscoords,
clpackage.xray.xspectral,
clpackage.xray.xspectral.bal_plot,
clpackage.xray.xspectral.counts_plot,
clpackage.xray.xspectral.dofitplot,
clpackage.xray.xspectral.downspecrdf,
clpackage.xray.xspectral.fit,
clpackage.xray.xspectral.grid_plot,
clpackage.xray.xspectral.hxflux,
clpackage.xray.xspectral.intrinsicspecplot,
clpackage.xray.xspectral.pkgpars,
clpackage.xray.xspectral.qpspec,
clpackage.xray.xspectral.search_grid,
clpackage.xray.xspectral.show_models,
clpackage.xray.xspectral.singlefit,
clpackage.xray.xspectral.upspecrdf,
clpackage.xray.xspectral.xflux,
clpackage.xray.xtiming,
clpackage.xray.xtiming._kspltab,
clpackage.xray.xtiming._timplot,
clpackage.xray.xtiming.chiplot,
clpackage.xray.xtiming.fft,
clpackage.xray.xtiming.fftplot,
clpackage.xray.xtiming.fldplot,
clpackage.xray.xtiming.fold,
clpackage.xray.xtiming.ftpplot,
clpackage.xray.xtiming.ksplot,
clpackage.xray.xtiming.ltcplot,
clpackage.xray.xtiming.ltcurv,
clpackage.xray.xtiming.period,
clpackage.xray.xtiming.qpphase,
clpackage.xray.xtiming.timcor,
clpackage.xray.xtiming.timcor._abary,
clpackage.xray.xtiming.timcor._clc_bary,
clpackage.xray.xtiming.timcor._upephrdf,
clpackage.xray.xtiming.timcor._utmjd,
clpackage.xray.xtiming.timcor.apply_bary,
clpackage.xray.xtiming.timcor.calc_bary,
clpackage.xray.xtiming.timcor.scc_to_utc,
clpackage.xray.xtiming.timfilter,
clpackage.xray.xtiming.timplot,
clpackage.xray.xtiming.timprint,
clpackage.xray.xtiming.timsort,
clpackage.xray.xtiming.vartst,
